"filename", "language", "JSON", "TypeScript", "JavaScript", "JSON with Comments", "HTML", "Svelte", "PostCSS", "XML", "Markdown", "YAML", "comment", "blank", "total"
"d:\zenostudio\zeno-wallet-pwa\.papi\descriptors\package.json", "JSON", 24, 0, 0, 0, 0, 0, 0, 0, 0, 0, 0, 1, 25
"d:\zenostudio\zeno-wallet-pwa\.papi\polkadot-api.json", "JSON", 14, 0, 0, 0, 0, 0, 0, 0, 0, 0, 0, 0, 14
"d:\zenostudio\zeno-wallet-pwa\.prettierrc", "JSON", 15, 0, 0, 0, 0, 0, 0, 0, 0, 0, 0, 1, 16
"d:\zenostudio\zeno-wallet-pwa\README.md", "Markdown", 0, 0, 0, 0, 0, 0, 0, 0, 1, 0, 0, 2, 3
"d:\zenostudio\zeno-wallet-pwa\eslint.config.js", "JavaScript", 0, 0, 32, 0, 0, 0, 0, 0, 0, 0, 0, 3, 35
"d:\zenostudio\zeno-wallet-pwa\package.json", "JSON", 54, 0, 0, 0, 0, 0, 0, 0, 0, 0, 0, 0, 54
"d:\zenostudio\zeno-wallet-pwa\pnpm-lock.yaml", "YAML", 0, 0, 0, 0, 0, 0, 0, 0, 0, 2890, 0, 836, 3726
"d:\zenostudio\zeno-wallet-pwa\postcss.config.js", "JavaScript", 0, 0, 5, 0, 0, 0, 0, 0, 0, 0, 0, 2, 7
"d:\zenostudio\zeno-wallet-pwa\src\app.d.ts", "TypeScript", 0, 5, 0, 0, 0, 0, 0, 0, 0, 0, 7, 2, 14
"d:\zenostudio\zeno-wallet-pwa\src\app.html", "HTML", 0, 0, 0, 0, 12, 0, 0, 0, 0, 0, 0, 4, 16
"d:\zenostudio\zeno-wallet-pwa\src\app.pcss", "PostCSS", 0, 0, 0, 0, 0, 0, 438, 0, 0, 0, 5, 90, 533
"d:\zenostudio\zeno-wallet-pwa\src\lib\abis\erc1155.json", "JSON", 335, 0, 0, 0, 0, 0, 0, 0, 0, 0, 0, 1, 336
"d:\zenostudio\zeno-wallet-pwa\src\lib\abis\erc20.json", "JSON", 117, 0, 0, 0, 0, 0, 0, 0, 0, 0, 0, 1, 118
"d:\zenostudio\zeno-wallet-pwa\src\lib\abis\erc721.json", "JSON", 352, 0, 0, 0, 0, 0, 0, 0, 0, 0, 0, 1, 353
"d:\zenostudio\zeno-wallet-pwa\src\lib\abis\weth.json", "JSON", 279, 0, 0, 0, 0, 0, 0, 0, 0, 0, 0, 1, 280
"d:\zenostudio\zeno-wallet-pwa\src\lib\svg\account.svelte", "Svelte", 0, 0, 0, 0, 0, 4, 0, 0, 0, 0, 0, 0, 4
"d:\zenostudio\zeno-wallet-pwa\src\lib\svg\add-circle.svelte", "Svelte", 0, 0, 0, 0, 0, 8, 0, 0, 0, 0, 0, 0, 8
"d:\zenostudio\zeno-wallet-pwa\src\lib\svg\add.svelte", "Svelte", 0, 0, 0, 0, 0, 4, 0, 0, 0, 0, 0, 0, 4
"d:\zenostudio\zeno-wallet-pwa\src\lib\svg\adjust-filled.svelte", "Svelte", 0, 0, 0, 0, 0, 4, 0, 0, 0, 0, 0, 0, 4
"d:\zenostudio\zeno-wallet-pwa\src\lib\svg\adjust.svelte", "Svelte", 0, 0, 0, 0, 0, 4, 0, 0, 0, 0, 0, 0, 4
"d:\zenostudio\zeno-wallet-pwa\src\lib\svg\alert-box.svelte", "Svelte", 0, 0, 0, 0, 0, 4, 0, 0, 0, 0, 0, 0, 4
"d:\zenostudio\zeno-wallet-pwa\src\lib\svg\alert-circle.svelte", "Svelte", 0, 0, 0, 0, 0, 4, 0, 0, 0, 0, 0, 0, 4
"d:\zenostudio\zeno-wallet-pwa\src\lib\svg\alert-triangle.svelte", "Svelte", 0, 0, 0, 0, 0, 6, 0, 0, 0, 0, 0, 0, 6
"d:\zenostudio\zeno-wallet-pwa\src\lib\svg\apps-filled.svelte", "Svelte", 0, 0, 0, 0, 0, 4, 0, 0, 0, 0, 0, 0, 4
"d:\zenostudio\zeno-wallet-pwa\src\lib\svg\apps.svelte", "Svelte", 0, 0, 0, 0, 0, 4, 0, 0, 0, 0, 0, 0, 4
"d:\zenostudio\zeno-wallet-pwa\src\lib\svg\arrow-back.svelte", "Svelte", 0, 0, 0, 0, 0, 4, 0, 0, 0, 0, 0, 0, 4
"d:\zenostudio\zeno-wallet-pwa\src\lib\svg\arrow-down-circle.svelte", "Svelte", 0, 0, 0, 0, 0, 8, 0, 0, 0, 0, 0, 0, 8
"d:\zenostudio\zeno-wallet-pwa\src\lib\svg\arrow-down-filled.svelte", "Svelte", 0, 0, 0, 0, 0, 6, 0, 0, 0, 0, 0, 0, 6
"d:\zenostudio\zeno-wallet-pwa\src\lib\svg\arrow-down.svelte", "Svelte", 0, 0, 0, 0, 0, 4, 0, 0, 0, 0, 0, 0, 4
"d:\zenostudio\zeno-wallet-pwa\src\lib\svg\arrow-forward.svelte", "Svelte", 0, 0, 0, 0, 0, 4, 0, 0, 0, 0, 0, 0, 4
"d:\zenostudio\zeno-wallet-pwa\src\lib\svg\arrow-up-down.svelte", "Svelte", 0, 0, 0, 0, 0, 6, 0, 0, 0, 0, 0, 1, 7
"d:\zenostudio\zeno-wallet-pwa\src\lib\svg\asset-filled.svelte", "Svelte", 0, 0, 0, 0, 0, 4, 0, 0, 0, 0, 0, 1, 5
"d:\zenostudio\zeno-wallet-pwa\src\lib\svg\asset.svelte", "Svelte", 0, 0, 0, 0, 0, 6, 0, 0, 0, 0, 0, 0, 6
"d:\zenostudio\zeno-wallet-pwa\src\lib\svg\book.svelte", "Svelte", 0, 0, 0, 0, 0, 4, 0, 0, 0, 0, 0, 0, 4
"d:\zenostudio\zeno-wallet-pwa\src\lib\svg\buy.svelte", "Svelte", 0, 0, 0, 0, 0, 4, 0, 0, 0, 0, 0, 0, 4
"d:\zenostudio\zeno-wallet-pwa\src\lib\svg\camera.svelte", "Svelte", 0, 0, 0, 0, 0, 4, 0, 0, 0, 0, 0, 0, 4
"d:\zenostudio\zeno-wallet-pwa\src\lib\svg\chart.svelte", "Svelte", 0, 0, 0, 0, 0, 4, 0, 0, 0, 0, 0, 0, 4
"d:\zenostudio\zeno-wallet-pwa\src\lib\svg\check.svelte", "Svelte", 0, 0, 0, 0, 0, 4, 0, 0, 0, 0, 0, 0, 4
"d:\zenostudio\zeno-wallet-pwa\src\lib\svg\chevrons-right.svelte", "Svelte", 0, 0, 0, 0, 0, 44, 0, 0, 0, 0, 0, 5, 49
"d:\zenostudio\zeno-wallet-pwa\src\lib\svg\clock.svelte", "Svelte", 0, 0, 0, 0, 0, 4, 0, 0, 0, 0, 0, 2, 6
"d:\zenostudio\zeno-wallet-pwa\src\lib\svg\close.svelte", "Svelte", 0, 0, 0, 0, 0, 6, 0, 0, 0, 0, 0, 0, 6
"d:\zenostudio\zeno-wallet-pwa\src\lib\svg\cloud-down.svelte", "Svelte", 0, 0, 0, 0, 0, 4, 0, 0, 0, 0, 0, 0, 4
"d:\zenostudio\zeno-wallet-pwa\src\lib\svg\cloud-up.svelte", "Svelte", 0, 0, 0, 0, 0, 4, 0, 0, 0, 0, 0, 0, 4
"d:\zenostudio\zeno-wallet-pwa\src\lib\svg\cloud.svelte", "Svelte", 0, 0, 0, 0, 0, 4, 0, 0, 0, 0, 0, 0, 4
"d:\zenostudio\zeno-wallet-pwa\src\lib\svg\contract.svelte", "Svelte", 0, 0, 0, 0, 0, 6, 0, 0, 0, 0, 0, 1, 7
"d:\zenostudio\zeno-wallet-pwa\src\lib\svg\copied.svelte", "Svelte", 0, 0, 0, 0, 0, 4, 0, 0, 0, 0, 0, 0, 4
"d:\zenostudio\zeno-wallet-pwa\src\lib\svg\copy.svelte", "Svelte", 0, 0, 0, 0, 0, 4, 0, 0, 0, 0, 0, 0, 4
"d:\zenostudio\zeno-wallet-pwa\src\lib\svg\darkmode.svelte", "Svelte", 0, 0, 0, 0, 0, 4, 0, 0, 0, 0, 0, 0, 4
"d:\zenostudio\zeno-wallet-pwa\src\lib\svg\delete.svelte", "Svelte", 0, 0, 0, 0, 0, 4, 0, 0, 0, 0, 0, 0, 4
"d:\zenostudio\zeno-wallet-pwa\src\lib\svg\discord.svelte", "Svelte", 0, 0, 0, 0, 0, 14, 0, 0, 0, 0, 0, 2, 16
"d:\zenostudio\zeno-wallet-pwa\src\lib\svg\discover-filled.svelte", "Svelte", 0, 0, 0, 0, 0, 4, 0, 0, 0, 0, 0, 1, 5
"d:\zenostudio\zeno-wallet-pwa\src\lib\svg\discover.svelte", "Svelte", 0, 0, 0, 0, 0, 4, 0, 0, 0, 0, 0, 0, 4
"d:\zenostudio\zeno-wallet-pwa\src\lib\svg\download.svelte", "Svelte", 0, 0, 0, 0, 0, 4, 0, 0, 0, 0, 0, 0, 4
"d:\zenostudio\zeno-wallet-pwa\src\lib\svg\edit-filled.svelte", "Svelte", 0, 0, 0, 0, 0, 4, 0, 0, 0, 0, 0, 1, 5
"d:\zenostudio\zeno-wallet-pwa\src\lib\svg\edit.svelte", "Svelte", 0, 0, 0, 0, 0, 4, 0, 0, 0, 0, 0, 0, 4
"d:\zenostudio\zeno-wallet-pwa\src\lib\svg\explorer-filled.svelte", "Svelte", 0, 0, 0, 0, 0, 4, 0, 0, 0, 0, 0, 0, 4
"d:\zenostudio\zeno-wallet-pwa\src\lib\svg\explorer.svelte", "Svelte", 0, 0, 0, 0, 0, 4, 0, 0, 0, 0, 0, 0, 4
"d:\zenostudio\zeno-wallet-pwa\src\lib\svg\eye-off.svelte", "Svelte", 0, 0, 0, 0, 0, 4, 0, 0, 0, 0, 0, 1, 5
"d:\zenostudio\zeno-wallet-pwa\src\lib\svg\eye.svelte", "Svelte", 0, 0, 0, 0, 0, 4, 0, 0, 0, 0, 0, 0, 4
"d:\zenostudio\zeno-wallet-pwa\src\lib\svg\faceid.svelte", "Svelte", 0, 0, 0, 0, 0, 6, 0, 0, 0, 0, 0, 0, 6
"d:\zenostudio\zeno-wallet-pwa\src\lib\svg\gas.svelte", "Svelte", 0, 0, 0, 0, 0, 6, 0, 0, 0, 0, 0, 0, 6
"d:\zenostudio\zeno-wallet-pwa\src\lib\svg\github.svelte", "Svelte", 0, 0, 0, 0, 0, 14, 0, 0, 0, 0, 0, 0, 14
"d:\zenostudio\zeno-wallet-pwa\src\lib\svg\heart-filled.svelte", "Svelte", 0, 0, 0, 0, 0, 4, 0, 0, 0, 0, 0, 0, 4
"d:\zenostudio\zeno-wallet-pwa\src\lib\svg\heart.svelte", "Svelte", 0, 0, 0, 0, 0, 4, 0, 0, 0, 0, 0, 0, 4
"d:\zenostudio\zeno-wallet-pwa\src\lib\svg\help-filled.svelte", "Svelte", 0, 0, 0, 0, 0, 6, 0, 0, 0, 0, 0, 0, 6
"d:\zenostudio\zeno-wallet-pwa\src\lib\svg\help.svelte", "Svelte", 0, 0, 0, 0, 0, 4, 0, 0, 0, 0, 0, 0, 4
"d:\zenostudio\zeno-wallet-pwa\src\lib\svg\home.svelte", "Svelte", 0, 0, 0, 0, 0, 4, 0, 0, 0, 0, 0, 0, 4
"d:\zenostudio\zeno-wallet-pwa\src\lib\svg\index.ts", "TypeScript", 0, 81, 0, 0, 0, 0, 0, 0, 0, 0, 0, 1, 82
"d:\zenostudio\zeno-wallet-pwa\src\lib\svg\lang.svelte", "Svelte", 0, 0, 0, 0, 0, 4, 0, 0, 0, 0, 0, 0, 4
"d:\zenostudio\zeno-wallet-pwa\src\lib\svg\loading.svelte", "Svelte", 0, 0, 0, 0, 0, 4, 0, 0, 0, 0, 0, 0, 4
"d:\zenostudio\zeno-wallet-pwa\src\lib\svg\locked.svelte", "Svelte", 0, 0, 0, 0, 0, 6, 0, 0, 0, 0, 0, 0, 6
"d:\zenostudio\zeno-wallet-pwa\src\lib\svg\medium.svelte", "Svelte", 0, 0, 0, 0, 0, 15, 0, 0, 0, 0, 0, 0, 15
"d:\zenostudio\zeno-wallet-pwa\src\lib\svg\more-horiz.svelte", "Svelte", 0, 0, 0, 0, 0, 3, 0, 0, 0, 0, 0, 1, 4
"d:\zenostudio\zeno-wallet-pwa\src\lib\svg\more-vert.svelte", "Svelte", 0, 0, 0, 0, 0, 4, 0, 0, 0, 0, 0, 0, 4
"d:\zenostudio\zeno-wallet-pwa\src\lib\svg\nft-filled.svelte", "Svelte", 0, 0, 0, 0, 0, 11, 0, 0, 0, 0, 0, 0, 11
"d:\zenostudio\zeno-wallet-pwa\src\lib\svg\nft.svelte", "Svelte", 0, 0, 0, 0, 0, 4, 0, 0, 0, 0, 0, 0, 4
"d:\zenostudio\zeno-wallet-pwa\src\lib\svg\paste.svelte", "Svelte", 0, 0, 0, 0, 0, 7, 0, 0, 0, 0, 0, 0, 7
"d:\zenostudio\zeno-wallet-pwa\src\lib\svg\pin.svelte", "Svelte", 0, 0, 0, 0, 0, 4, 0, 0, 0, 0, 0, 1, 5
"d:\zenostudio\zeno-wallet-pwa\src\lib\svg\plug-filled.svelte", "Svelte", 0, 0, 0, 0, 0, 4, 0, 0, 0, 0, 0, 0, 4
"d:\zenostudio\zeno-wallet-pwa\src\lib\svg\qrcode.svelte", "Svelte", 0, 0, 0, 0, 0, 4, 0, 0, 0, 0, 0, 0, 4
"d:\zenostudio\zeno-wallet-pwa\src\lib\svg\question.svelte", "Svelte", 0, 0, 0, 0, 0, 4, 0, 0, 0, 0, 0, 0, 4
"d:\zenostudio\zeno-wallet-pwa\src\lib\svg\receive.svelte", "Svelte", 0, 0, 0, 0, 0, 4, 0, 0, 0, 0, 0, 1, 5
"d:\zenostudio\zeno-wallet-pwa\src\lib\svg\refresh.svelte", "Svelte", 0, 0, 0, 0, 0, 4, 0, 0, 0, 0, 0, 0, 4
"d:\zenostudio\zeno-wallet-pwa\src\lib\svg\safeGuard.svelte", "Svelte", 0, 0, 0, 0, 0, 4, 0, 0, 0, 0, 0, 0, 4
"d:\zenostudio\zeno-wallet-pwa\src\lib\svg\save.svelte", "Svelte", 0, 0, 0, 0, 0, 4, 0, 0, 0, 0, 0, 0, 4
"d:\zenostudio\zeno-wallet-pwa\src\lib\svg\scan-focus.svelte", "Svelte", 0, 0, 0, 0, 0, 11, 0, 0, 0, 0, 0, 0, 11
"d:\zenostudio\zeno-wallet-pwa\src\lib\svg\scan.svelte", "Svelte", 0, 0, 0, 0, 0, 4, 0, 0, 0, 0, 0, 0, 4
"d:\zenostudio\zeno-wallet-pwa\src\lib\svg\search.svelte", "Svelte", 0, 0, 0, 0, 0, 4, 0, 0, 0, 0, 0, 0, 4
"d:\zenostudio\zeno-wallet-pwa\src\lib\svg\send-filled.svelte", "Svelte", 0, 0, 0, 0, 0, 6, 0, 0, 0, 0, 0, 0, 6
"d:\zenostudio\zeno-wallet-pwa\src\lib\svg\setting-filled.svelte", "Svelte", 0, 0, 0, 0, 0, 4, 0, 0, 0, 0, 0, 0, 4
"d:\zenostudio\zeno-wallet-pwa\src\lib\svg\setting.svelte", "Svelte", 0, 0, 0, 0, 0, 18, 0, 0, 0, 0, 0, 1, 19
"d:\zenostudio\zeno-wallet-pwa\src\lib\svg\share.svelte", "Svelte", 0, 0, 0, 0, 0, 6, 0, 0, 0, 0, 0, 0, 6
"d:\zenostudio\zeno-wallet-pwa\src\lib\svg\spinner.svelte", "Svelte", 0, 0, 0, 0, 0, 4, 0, 0, 0, 0, 0, 0, 4
"d:\zenostudio\zeno-wallet-pwa\src\lib\svg\staking.svelte", "Svelte", 0, 0, 0, 0, 0, 4, 0, 0, 0, 0, 0, 0, 4
"d:\zenostudio\zeno-wallet-pwa\src\lib\svg\star.svelte", "Svelte", 0, 0, 0, 0, 0, 6, 0, 0, 0, 0, 0, 2, 8
"d:\zenostudio\zeno-wallet-pwa\src\lib\svg\swap-action.svelte", "Svelte", 0, 0, 0, 0, 0, 4, 0, 0, 0, 0, 0, 0, 4
"d:\zenostudio\zeno-wallet-pwa\src\lib\svg\switch.svelte", "Svelte", 0, 0, 0, 0, 0, 70, 0, 0, 0, 0, 0, 11, 81
"d:\zenostudio\zeno-wallet-pwa\src\lib\svg\telegram.svelte", "Svelte", 0, 0, 0, 0, 0, 16, 0, 0, 0, 0, 0, 2, 18
"d:\zenostudio\zeno-wallet-pwa\src\lib\svg\terms.svelte", "Svelte", 0, 0, 0, 0, 0, 4, 0, 0, 0, 0, 0, 0, 4
"d:\zenostudio\zeno-wallet-pwa\src\lib\svg\trash.svelte", "Svelte", 0, 0, 0, 0, 0, 6, 0, 0, 0, 0, 0, 0, 6
"d:\zenostudio\zeno-wallet-pwa\src\lib\svg\x.svelte", "Svelte", 0, 0, 0, 0, 0, 16, 0, 0, 0, 0, 0, 0, 16
"d:\zenostudio\zeno-wallet-pwa\src\lib\ui\apps\slot.svelte", "Svelte", 0, 0, 0, 0, 0, 87, 0, 0, 0, 0, 0, 20, 107
"d:\zenostudio\zeno-wallet-pwa\src\lib\ui\components\accountList.svelte", "Svelte", 0, 0, 0, 0, 0, 260, 0, 0, 0, 0, 0, 24, 284
"d:\zenostudio\zeno-wallet-pwa\src\lib\ui\components\addAccount.svelte", "Svelte", 0, 0, 0, 0, 0, 442, 0, 0, 0, 0, 0, 29, 471
"d:\zenostudio\zeno-wallet-pwa\src\lib\ui\components\chainSelector.svelte", "Svelte", 0, 0, 0, 0, 0, 194, 0, 0, 0, 0, 0, 10, 204
"d:\zenostudio\zeno-wallet-pwa\src\lib\ui\components\changePassword.svelte", "Svelte", 0, 0, 0, 0, 0, 445, 0, 0, 0, 0, 0, 34, 479
"d:\zenostudio\zeno-wallet-pwa\src\lib\ui\components\createAccount.svelte", "Svelte", 0, 0, 0, 0, 0, 597, 0, 0, 0, 0, 2, 40, 639
"d:\zenostudio\zeno-wallet-pwa\src\lib\ui\components\currencySelector.svelte", "Svelte", 0, 0, 0, 0, 0, 82, 0, 0, 0, 0, 0, 8, 90
"d:\zenostudio\zeno-wallet-pwa\src\lib\ui\components\footer.svelte", "Svelte", 0, 0, 0, 0, 0, 69, 0, 0, 0, 0, 0, 10, 79
"d:\zenostudio\zeno-wallet-pwa\src\lib\ui\components\header.svelte", "Svelte", 0, 0, 0, 0, 0, 310, 0, 0, 0, 0, 0, 26, 336
"d:\zenostudio\zeno-wallet-pwa\src\lib\ui\components\importAccount.svelte", "Svelte", 0, 0, 0, 0, 0, 758, 0, 0, 0, 0, 3, 51, 812
"d:\zenostudio\zeno-wallet-pwa\src\lib\ui\components\index.ts", "TypeScript", 0, 17, 0, 0, 0, 0, 0, 0, 0, 0, 0, 6, 23
"d:\zenostudio\zeno-wallet-pwa\src\lib\ui\components\languageSelector.svelte", "Svelte", 0, 0, 0, 0, 0, 61, 0, 0, 0, 0, 0, 9, 70
"d:\zenostudio\zeno-wallet-pwa\src\lib\ui\components\modal.svelte", "Svelte", 0, 0, 0, 0, 0, 221, 0, 0, 0, 0, 0, 13, 234
"d:\zenostudio\zeno-wallet-pwa\src\lib\ui\components\navLeft.svelte", "Svelte", 0, 0, 0, 0, 0, 41, 0, 0, 0, 0, 0, 9, 50
"d:\zenostudio\zeno-wallet-pwa\src\lib\ui\components\navPanel.svelte", "Svelte", 0, 0, 0, 0, 0, 538, 0, 0, 0, 0, 1, 29, 568
"d:\zenostudio\zeno-wallet-pwa\src\lib\ui\components\restoreMN.svelte", "Svelte", 0, 0, 0, 0, 0, 381, 0, 0, 0, 0, 0, 32, 413
"d:\zenostudio\zeno-wallet-pwa\src\lib\ui\components\scanner.svelte", "Svelte", 0, 0, 0, 0, 0, 158, 0, 0, 0, 0, 0, 20, 178
"d:\zenostudio\zeno-wallet-pwa\src\lib\ui\components\switchTheme.svelte", "Svelte", 0, 0, 0, 0, 0, 76, 0, 0, 0, 0, 0, 14, 90
"d:\zenostudio\zeno-wallet-pwa\src\lib\ui\components\toaster.svelte", "Svelte", 0, 0, 0, 0, 0, 26, 0, 0, 0, 0, 0, 8, 34
"d:\zenostudio\zeno-wallet-pwa\src\lib\ui\components\tokenSelector.svelte", "Svelte", 0, 0, 0, 0, 0, 155, 0, 0, 0, 0, 0, 9, 164
"d:\zenostudio\zeno-wallet-pwa\src\lib\ui\locales\en.json", "JSON", 7, 0, 0, 0, 0, 0, 0, 0, 0, 0, 0, 0, 7
"d:\zenostudio\zeno-wallet-pwa\src\lib\ui\locales\terms\en.ts", "TypeScript", 0, 60, 0, 0, 0, 0, 0, 0, 0, 0, 0, 49, 109
"d:\zenostudio\zeno-wallet-pwa\src\lib\ui\locales\terms\index.ts", "TypeScript", 0, 2, 0, 0, 0, 0, 0, 0, 0, 0, 0, 2, 4
"d:\zenostudio\zeno-wallet-pwa\src\lib\ui\locales\terms\zh.ts", "TypeScript", 0, 60, 0, 0, 0, 0, 0, 0, 0, 0, 1, 50, 111
"d:\zenostudio\zeno-wallet-pwa\src\lib\ui\locales\zh.json", "JSON", 7, 0, 0, 0, 0, 0, 0, 0, 0, 0, 0, 0, 7
"d:\zenostudio\zeno-wallet-pwa\src\lib\ui\runes\darkMode.svelte.ts", "TypeScript", 0, 61, 0, 0, 0, 0, 0, 0, 0, 0, 3, 17, 81
"d:\zenostudio\zeno-wallet-pwa\src\lib\ui\runes\index.ts", "TypeScript", 0, 5, 0, 0, 0, 0, 0, 0, 0, 0, 0, 4, 9
"d:\zenostudio\zeno-wallet-pwa\src\lib\ui\runes\locale.svelte.ts", "TypeScript", 0, 57, 0, 0, 0, 0, 0, 0, 0, 0, 0, 8, 65
"d:\zenostudio\zeno-wallet-pwa\src\lib\ui\runes\meta.svelte.ts", "TypeScript", 0, 5, 0, 0, 0, 0, 0, 0, 0, 0, 0, 7, 12
"d:\zenostudio\zeno-wallet-pwa\src\lib\ui\runes\settings.svelte.ts", "TypeScript", 0, 42, 0, 0, 0, 0, 0, 0, 0, 0, 4, 4, 50
"d:\zenostudio\zeno-wallet-pwa\src\lib\ui\runes\toastState.svelte.ts", "TypeScript", 0, 40, 0, 0, 0, 0, 0, 0, 0, 0, 0, 10, 50
"d:\zenostudio\zeno-wallet-pwa\src\lib\ui\ts\checkPasswordStrength.ts", "TypeScript", 0, 33, 0, 0, 0, 0, 0, 0, 0, 0, 0, 6, 39
"d:\zenostudio\zeno-wallet-pwa\src\lib\ui\ts\clickOutside.ts", "TypeScript", 0, 13, 0, 0, 0, 0, 0, 0, 0, 0, 0, 5, 18
"d:\zenostudio\zeno-wallet-pwa\src\lib\ui\ts\copypaste.ts", "TypeScript", 0, 31, 0, 0, 0, 0, 0, 0, 0, 0, 0, 6, 37
"d:\zenostudio\zeno-wallet-pwa\src\lib\ui\ts\dom.ts", "TypeScript", 0, 285, 0, 0, 0, 0, 0, 0, 0, 0, 61, 21, 367
"d:\zenostudio\zeno-wallet-pwa\src\lib\ui\ts\formatter.ts", "TypeScript", 0, 42, 0, 0, 0, 0, 0, 0, 0, 0, 1, 13, 56
"d:\zenostudio\zeno-wallet-pwa\src\lib\ui\ts\index.ts", "TypeScript", 0, 7, 0, 0, 0, 0, 0, 0, 0, 0, 0, 1, 8
"d:\zenostudio\zeno-wallet-pwa\src\lib\ui\ts\mediaQuery.ts", "TypeScript", 0, 2, 0, 0, 0, 0, 0, 0, 0, 0, 0, 0, 2
"d:\zenostudio\zeno-wallet-pwa\src\lib\ui\ts\qrSvg.ts", "TypeScript", 0, 83, 0, 0, 0, 0, 0, 0, 0, 0, 0, 22, 105
"d:\zenostudio\zeno-wallet-pwa\src\lib\ui\ts\type.ts", "TypeScript", 0, 0, 0, 0, 0, 0, 0, 0, 0, 0, 0, 1, 1
"d:\zenostudio\zeno-wallet-pwa\src\lib\wallet\action\bridge.ts", "TypeScript", 0, 0, 0, 0, 0, 0, 0, 0, 0, 0, 0, 1, 1
"d:\zenostudio\zeno-wallet-pwa\src\lib\wallet\action\buy.ts", "TypeScript", 0, 22, 0, 0, 0, 0, 0, 0, 0, 0, 0, 6, 28
"d:\zenostudio\zeno-wallet-pwa\src\lib\wallet\action\history.ts", "TypeScript", 0, 0, 0, 0, 0, 0, 0, 0, 0, 0, 0, 2, 2
"d:\zenostudio\zeno-wallet-pwa\src\lib\wallet\action\receive.ts", "TypeScript", 0, 0, 0, 0, 0, 0, 0, 0, 0, 0, 0, 1, 1
"d:\zenostudio\zeno-wallet-pwa\src\lib\wallet\action\send.ts", "TypeScript", 0, 0, 0, 0, 0, 0, 0, 0, 0, 0, 0, 1, 1
"d:\zenostudio\zeno-wallet-pwa\src\lib\wallet\action\swap.ts", "TypeScript", 0, 0, 0, 0, 0, 0, 0, 0, 0, 0, 0, 1, 1
"d:\zenostudio\zeno-wallet-pwa\src\lib\wallet\action\tx.ts", "TypeScript", 0, 0, 0, 0, 0, 0, 0, 0, 0, 0, 0, 1, 1
"d:\zenostudio\zeno-wallet-pwa\src\lib\wallet\common\account.ts", "TypeScript", 0, 202, 0, 0, 0, 0, 0, 0, 0, 0, 0, 20, 222
"d:\zenostudio\zeno-wallet-pwa\src\lib\wallet\common\chains.ts", "TypeScript", 0, 147, 0, 0, 0, 0, 0, 0, 0, 0, 1, 13, 161
"d:\zenostudio\zeno-wallet-pwa\src\lib\wallet\common\constants.ts", "TypeScript", 0, 29, 0, 0, 0, 0, 0, 0, 0, 0, 6, 7, 42
"d:\zenostudio\zeno-wallet-pwa\src\lib\wallet\common\error.ts", "TypeScript", 0, 44, 0, 0, 0, 0, 0, 0, 0, 0, 0, 9, 53
"d:\zenostudio\zeno-wallet-pwa\src\lib\wallet\common\fiat.ts", "TypeScript", 0, 30, 0, 0, 0, 0, 0, 0, 0, 0, 0, 11, 41
"d:\zenostudio\zeno-wallet-pwa\src\lib\wallet\common\index.ts", "TypeScript", 0, 7, 0, 0, 0, 0, 0, 0, 0, 0, 0, 4, 11
"d:\zenostudio\zeno-wallet-pwa\src\lib\wallet\common\indexedDB.ts", "TypeScript", 0, 77, 0, 0, 0, 0, 0, 0, 0, 0, 1, 10, 88
"d:\zenostudio\zeno-wallet-pwa\src\lib\wallet\common\nfts.ts", "TypeScript", 0, 0, 0, 0, 0, 0, 0, 0, 0, 0, 0, 1, 1
"d:\zenostudio\zeno-wallet-pwa\src\lib\wallet\common\tokens.ts", "TypeScript", 0, 105, 0, 0, 0, 0, 0, 0, 0, 0, 0, 20, 125
"d:\zenostudio\zeno-wallet-pwa\src\lib\wallet\common\type.ts", "TypeScript", 0, 141, 0, 0, 0, 0, 0, 0, 0, 0, 21, 20, 182
"d:\zenostudio\zeno-wallet-pwa\src\lib\wallet\provider\ankr.ts", "TypeScript", 0, 32, 0, 0, 0, 0, 0, 0, 0, 0, 0, 10, 42
"d:\zenostudio\zeno-wallet-pwa\src\lib\wallet\provider\index.ts", "TypeScript", 0, 1, 0, 0, 0, 0, 0, 0, 0, 0, 0, 1, 2
"d:\zenostudio\zeno-wallet-pwa\src\lib\wallet\provider\injectedProvider.ts", "TypeScript", 0, 87, 0, 0, 0, 0, 0, 0, 0, 0, 7, 14, 108
"d:\zenostudio\zeno-wallet-pwa\src\lib\wallet\provider\jsonProvider.ts", "TypeScript", 0, 4, 0, 0, 0, 0, 0, 0, 0, 0, 0, 2, 6
"d:\zenostudio\zeno-wallet-pwa\src\lib\wallet\runes\accountState.svelte.ts", "TypeScript", 0, 53, 0, 0, 0, 0, 0, 0, 0, 0, 0, 7, 60
"d:\zenostudio\zeno-wallet-pwa\src\lib\wallet\runes\addressBook.svelte.ts", "TypeScript", 0, 26, 0, 0, 0, 0, 0, 0, 0, 0, 0, 7, 33
"d:\zenostudio\zeno-wallet-pwa\src\lib\wallet\runes\backup.svelte.ts", "TypeScript", 0, 130, 0, 0, 0, 0, 0, 0, 0, 0, 10, 25, 165
"d:\zenostudio\zeno-wallet-pwa\src\lib\wallet\runes\chainState.svelte.ts", "TypeScript", 0, 57, 0, 0, 0, 0, 0, 0, 0, 0, 0, 11, 68
"d:\zenostudio\zeno-wallet-pwa\src\lib\wallet\runes\index.ts", "TypeScript", 0, 5, 0, 0, 0, 0, 0, 0, 0, 0, 0, 1, 6
"d:\zenostudio\zeno-wallet-pwa\src\lib\wallet\runes\jsonrpc.svelte.ts", "TypeScript", 0, 0, 0, 0, 0, 0, 0, 0, 0, 0, 0, 1, 1
"d:\zenostudio\zeno-wallet-pwa\src\lib\wallet\runes\signerCaller.svelte.ts", "TypeScript", 0, 200, 0, 0, 0, 0, 0, 0, 0, 0, 0, 34, 234
"d:\zenostudio\zeno-wallet-pwa\src\lib\wallet\runes\smoldot.svelte.ts", "TypeScript", 0, 0, 0, 0, 0, 0, 0, 0, 0, 0, 3, 2, 5
"d:\zenostudio\zeno-wallet-pwa\src\lib\wallet\worker\signer.ts", "TypeScript", 0, 217, 0, 0, 0, 0, 0, 0, 0, 0, 3, 18, 238
"d:\zenostudio\zeno-wallet-pwa\src\lib\wallet\worker\smoldot.ts", "TypeScript", 0, 0, 0, 0, 0, 0, 0, 0, 0, 0, 4, 2, 6
"d:\zenostudio\zeno-wallet-pwa\src\routes\+layout.svelte", "Svelte", 0, 0, 0, 0, 0, 128, 0, 0, 0, 0, 0, 19, 147
"d:\zenostudio\zeno-wallet-pwa\src\routes\+layout.ts", "TypeScript", 0, 0, 0, 0, 0, 0, 0, 0, 0, 0, 0, 1, 1
"d:\zenostudio\zeno-wallet-pwa\src\routes\+page.svelte", "Svelte", 0, 0, 0, 0, 0, 284, 0, 0, 0, 0, 1, 22, 307
"d:\zenostudio\zeno-wallet-pwa\src\routes\apps\+page.svelte", "Svelte", 0, 0, 0, 0, 0, 97, 0, 0, 0, 0, 0, 10, 107
"d:\zenostudio\zeno-wallet-pwa\src\routes\apps\slot\+page.svelte", "Svelte", 0, 0, 0, 0, 0, 43, 0, 0, 0, 0, 0, 8, 51
"d:\zenostudio\zeno-wallet-pwa\src\routes\bridge\+page.svelte", "Svelte", 0, 0, 0, 0, 0, 22, 0, 0, 0, 0, 0, 19, 41
"d:\zenostudio\zeno-wallet-pwa\src\routes\browser\+page.svelte", "Svelte", 0, 0, 0, 0, 0, 123, 0, 0, 0, 0, 0, 13, 136
"d:\zenostudio\zeno-wallet-pwa\src\routes\buy\+page.svelte", "Svelte", 0, 0, 0, 0, 0, 95, 0, 0, 0, 0, 0, 9, 104
"d:\zenostudio\zeno-wallet-pwa\src\routes\dev\+page.svelte", "Svelte", 0, 0, 0, 0, 0, 102, 0, 0, 0, 0, 0, 24, 126
"d:\zenostudio\zeno-wallet-pwa\src\routes\nft\+page.svelte", "Svelte", 0, 0, 0, 0, 0, 13, 0, 0, 0, 0, 0, 14, 27
"d:\zenostudio\zeno-wallet-pwa\src\routes\null\+page.svelte", "Svelte", 0, 0, 0, 0, 0, 5, 0, 0, 0, 0, 0, 4, 9
"d:\zenostudio\zeno-wallet-pwa\src\routes\receive\+page.svelte", "Svelte", 0, 0, 0, 0, 0, 261, 0, 0, 0, 0, 0, 22, 283
"d:\zenostudio\zeno-wallet-pwa\src\routes\send\+page.svelte", "Svelte", 0, 0, 0, 0, 0, 388, 0, 0, 0, 0, 0, 45, 433
"d:\zenostudio\zeno-wallet-pwa\src\routes\settings\+page.svelte", "Svelte", 0, 0, 0, 0, 0, 300, 0, 0, 0, 0, 5, 29, 334
"d:\zenostudio\zeno-wallet-pwa\src\routes\settings\about\+page.svelte", "Svelte", 0, 0, 0, 0, 0, 144, 0, 0, 0, 0, 6, 12, 162
"d:\zenostudio\zeno-wallet-pwa\src\routes\settings\about\help\+page.svelte", "Svelte", 0, 0, 0, 0, 0, 130, 0, 0, 0, 0, 0, 14, 144
"d:\zenostudio\zeno-wallet-pwa\src\routes\settings\about\privacy\+page.svelte", "Svelte", 0, 0, 0, 0, 0, 97, 0, 0, 0, 0, 0, 20, 117
"d:\zenostudio\zeno-wallet-pwa\src\routes\settings\about\terms\+page.svelte", "Svelte", 0, 0, 0, 0, 0, 80, 0, 0, 0, 0, 1, 14, 95
"d:\zenostudio\zeno-wallet-pwa\src\routes\settings\account_detail\+page.svelte", "Svelte", 0, 0, 0, 0, 0, 569, 0, 0, 0, 0, 4, 41, 614
"d:\zenostudio\zeno-wallet-pwa\src\routes\settings\account_detail\edit_avatar\+page.svelte", "Svelte", 0, 0, 0, 0, 0, 4, 0, 0, 0, 0, 0, 1, 5
"d:\zenostudio\zeno-wallet-pwa\src\routes\settings\account_manage\+page.svelte", "Svelte", 0, 0, 0, 0, 0, 156, 0, 0, 0, 0, 1, 18, 175
"d:\zenostudio\zeno-wallet-pwa\src\routes\settings\active_chains\+page.svelte", "Svelte", 0, 0, 0, 0, 0, 4, 0, 0, 0, 0, 0, 1, 5
"d:\zenostudio\zeno-wallet-pwa\src\routes\settings\address_book\+page.svelte", "Svelte", 0, 0, 0, 0, 0, 574, 0, 0, 0, 0, 0, 31, 605
"d:\zenostudio\zeno-wallet-pwa\src\routes\settings\address_book\addres_entry\+page.svelte", "Svelte", 0, 0, 0, 0, 0, 2, 0, 0, 0, 0, 0, 1, 3
"d:\zenostudio\zeno-wallet-pwa\src\routes\settings\backup\+page.svelte", "Svelte", 0, 0, 0, 0, 0, 47, 0, 0, 0, 0, 0, 12, 59
"d:\zenostudio\zeno-wallet-pwa\src\routes\settings\backup\cloud\+page.svelte", "Svelte", 0, 0, 0, 0, 0, 4, 0, 0, 0, 0, 0, 1, 5
"d:\zenostudio\zeno-wallet-pwa\src\routes\settings\backup\manual_backup\+page.svelte", "Svelte", 0, 0, 0, 0, 0, 4, 0, 0, 0, 0, 0, 1, 5
"d:\zenostudio\zeno-wallet-pwa\src\routes\settings\security\+page.svelte", "Svelte", 0, 0, 0, 0, 0, 110, 0, 0, 0, 0, 4, 16, 130
"d:\zenostudio\zeno-wallet-pwa\src\routes\settings\security\export_keystore\+page.svelte", "Svelte", 0, 0, 0, 0, 0, 4, 0, 0, 0, 0, 0, 1, 5
"d:\zenostudio\zeno-wallet-pwa\src\routes\settings\security\import_keystore\+page.svelte", "Svelte", 0, 0, 0, 0, 0, 4, 0, 0, 0, 0, 0, 1, 5
"d:\zenostudio\zeno-wallet-pwa\src\routes\settings\security\restore\+page.svelte", "Svelte", 0, 0, 0, 0, 0, 2, 0, 0, 0, 0, 0, 2, 4
"d:\zenostudio\zeno-wallet-pwa\src\routes\swap\+page.svelte", "Svelte", 0, 0, 0, 0, 0, 113, 0, 0, 0, 0, 0, 11, 124
"d:\zenostudio\zeno-wallet-pwa\src\routes\token\+page.svelte", "Svelte", 0, 0, 0, 0, 0, 155, 0, 0, 0, 0, 0, 17, 172
"d:\zenostudio\zeno-wallet-pwa\src\service-worker.ts", "TypeScript", 0, 58, 0, 0, 0, 0, 0, 0, 0, 0, 13, 20, 91
"d:\zenostudio\zeno-wallet-pwa\static\chain\1.svg", "XML", 0, 0, 0, 0, 0, 0, 0, 8, 0, 0, 0, 1, 9
"d:\zenostudio\zeno-wallet-pwa\static\chain\10.svg", "XML", 0, 0, 0, 0, 0, 0, 0, 20, 0, 0, 1, 1, 22
"d:\zenostudio\zeno-wallet-pwa\static\chain\137.svg", "XML", 0, 0, 0, 0, 0, 0, 0, 4, 0, 0, 0, 1, 5
"d:\zenostudio\zeno-wallet-pwa\static\chain\146.svg", "XML", 0, 0, 0, 0, 0, 0, 0, 16, 0, 0, 0, 1, 17
"d:\zenostudio\zeno-wallet-pwa\static\chain\56.svg", "XML", 0, 0, 0, 0, 0, 0, 0, 19, 0, 0, 1, 1, 21
"d:\zenostudio\zeno-wallet-pwa\static\chain\8453.svg", "XML", 0, 0, 0, 0, 0, 0, 0, 4, 0, 0, 0, 1, 5
"d:\zenostudio\zeno-wallet-pwa\static\chain\assethub.svg", "XML", 0, 0, 0, 0, 0, 0, 0, 21, 0, 0, 1, 1, 23
"d:\zenostudio\zeno-wallet-pwa\static\chain\kusama.svg", "XML", 0, 0, 0, 0, 0, 0, 0, 4, 0, 0, 0, 1, 5
"d:\zenostudio\zeno-wallet-pwa\static\chain\moonbeam.svg", "XML", 0, 0, 0, 0, 0, 0, 0, 5, 0, 0, 0, 1, 6
"d:\zenostudio\zeno-wallet-pwa\static\chain\polkadot.svg", "XML", 0, 0, 0, 0, 0, 0, 0, 9, 0, 0, 0, 1, 10
"d:\zenostudio\zeno-wallet-pwa\static\draft.svg", "XML", 0, 0, 0, 0, 0, 0, 0, 47, 0, 0, 0, 0, 47
"d:\zenostudio\zeno-wallet-pwa\static\favicon-r.svg", "XML", 0, 0, 0, 0, 0, 0, 0, 26, 0, 0, 0, 0, 26
"d:\zenostudio\zeno-wallet-pwa\static\favicon.svg", "XML", 0, 0, 0, 0, 0, 0, 0, 26, 0, 0, 0, 0, 26
"d:\zenostudio\zeno-wallet-pwa\static\favicon_old.svg", "XML", 0, 0, 0, 0, 0, 0, 0, 5, 0, 0, 0, 0, 5
"d:\zenostudio\zeno-wallet-pwa\static\fiat\CNY.svg", "XML", 0, 0, 0, 0, 0, 0, 0, 13, 0, 0, 0, 1, 14
"d:\zenostudio\zeno-wallet-pwa\static\fiat\EUR.svg", "XML", 0, 0, 0, 0, 0, 0, 0, 161, 0, 0, 0, 1, 162
"d:\zenostudio\zeno-wallet-pwa\static\fiat\GBP.svg", "XML", 0, 0, 0, 0, 0, 0, 0, 23, 0, 0, 0, 1, 24
"d:\zenostudio\zeno-wallet-pwa\static\fiat\JPY.svg", "XML", 0, 0, 0, 0, 0, 0, 0, 9, 0, 0, 0, 1, 10
"d:\zenostudio\zeno-wallet-pwa\static\fiat\KRW.svg", "XML", 0, 0, 0, 0, 0, 0, 0, 12, 0, 0, 0, 1, 13
"d:\zenostudio\zeno-wallet-pwa\static\fiat\RUB.svg", "XML", 0, 0, 0, 0, 0, 0, 0, 12, 0, 0, 0, 1, 13
"d:\zenostudio\zeno-wallet-pwa\static\fiat\USD.svg", "XML", 0, 0, 0, 0, 0, 0, 0, 15, 0, 0, 0, 1, 16
"d:\zenostudio\zeno-wallet-pwa\static\manifest.json", "JSON", 34, 0, 0, 0, 0, 0, 0, 0, 0, 0, 0, 0, 34
"d:\zenostudio\zeno-wallet-pwa\static\token\ARB.svg", "XML", 0, 0, 0, 0, 0, 0, 0, 38, 0, 0, 0, 1, 39
"d:\zenostudio\zeno-wallet-pwa\static\token\BNB.svg", "XML", 0, 0, 0, 0, 0, 0, 0, 19, 0, 0, 1, 1, 21
"d:\zenostudio\zeno-wallet-pwa\static\token\BTC.svg", "XML", 0, 0, 0, 0, 0, 0, 0, 14, 0, 0, 1, 1, 16
"d:\zenostudio\zeno-wallet-pwa\static\token\BUSD.svg", "XML", 0, 0, 0, 0, 0, 0, 0, 1, 0, 0, 0, 0, 1
"d:\zenostudio\zeno-wallet-pwa\static\token\DAI.svg", "XML", 0, 0, 0, 0, 0, 0, 0, 12, 0, 0, 1, 1, 14
"d:\zenostudio\zeno-wallet-pwa\static\token\DOT.svg", "XML", 0, 0, 0, 0, 0, 0, 0, 8, 0, 0, 0, 1, 9
"d:\zenostudio\zeno-wallet-pwa\static\token\ETH.svg", "XML", 0, 0, 0, 0, 0, 0, 0, 8, 0, 0, 0, 1, 9
"d:\zenostudio\zeno-wallet-pwa\static\token\KSM.svg", "XML", 0, 0, 0, 0, 0, 0, 0, 4, 0, 0, 0, 1, 5
"d:\zenostudio\zeno-wallet-pwa\static\token\OP.svg", "XML", 0, 0, 0, 0, 0, 0, 0, 20, 0, 0, 1, 1, 22
"d:\zenostudio\zeno-wallet-pwa\static\token\POL.svg", "XML", 0, 0, 0, 0, 0, 0, 0, 9, 0, 0, 1, 1, 11
"d:\zenostudio\zeno-wallet-pwa\static\token\USDC.svg", "XML", 0, 0, 0, 0, 0, 0, 0, 5, 0, 0, 0, 1, 6
"d:\zenostudio\zeno-wallet-pwa\static\token\USDT.svg", "XML", 0, 0, 0, 0, 0, 0, 0, 1, 0, 0, 0, 0, 1
"d:\zenostudio\zeno-wallet-pwa\static\token\WBTC.svg", "XML", 0, 0, 0, 0, 0, 0, 0, 1, 0, 0, 0, 0, 1
"d:\zenostudio\zeno-wallet-pwa\static\token\WETH.svg", "XML", 0, 0, 0, 0, 0, 0, 0, 17, 0, 0, 0, 1, 18
"d:\zenostudio\zeno-wallet-pwa\static\wrapper.html", "HTML", 0, 0, 0, 0, 123, 0, 0, 0, 0, 0, 0, 6, 129
"d:\zenostudio\zeno-wallet-pwa\svelte.config.js", "JavaScript", 0, 0, 27, 0, 0, 0, 0, 0, 0, 0, 5, 7, 39
"d:\zenostudio\zeno-wallet-pwa\tsconfig.json", "JSON with Comments", 0, 0, 0, 14, 0, 0, 0, 0, 0, 0, 5, 1, 20
"d:\zenostudio\zeno-wallet-pwa\vite.config.ts", "TypeScript", 0, 6, 0, 0, 0, 0, 0, 0, 0, 0, 0, 1, 7
"Total", "-", 1238, 2611, 64, 14, 135, 9532, 438, 616, 1, 2890, 197, 2387, 20123